Customer_ID,Customer_Name,Order_Value,Spending_Rank
C00019,Customer_19,3176078.87,1
C02897,Customer_2897,2528868.53,2
C01915,Customer_1915,2476932.74,3
C02709,Customer_2709,2400905.35,4
C00187,Customer_187,2394078.09,5
C00685,Customer_685,2352464.63,6
C01297,Customer_1297,2345815.39,7
C00259,Customer_259,2330070.4299999997,8
C00921,Customer_921,2257528.6,9
C00271,Customer_271,2226186.64,10
C00874,Customer_874,2226100.84,11
C02512,Customer_2512,2198748.65,12
C01470,Customer_1470,2161834.0,13
C01204,Customer_1204,2138897.58,14
C02988,Customer_2988,2105275.02,15
C02281,Customer_2281,2092954.47,16
C01756,Customer_1756,2075097.31,17
C01130,Customer_1130,2066469.96,18
C01142,Customer_1142,2050412.31,19
C02551,Customer_2551,2034948.13,20
C00376,Customer_376,2029722.86,21
C01441,Customer_1441,2028741.76,22
C01849,Customer_1849,2024725.78,23
C01933,Customer_1933,2019356.51,24
C00307,Customer_307,2010906.74,25
C00887,Customer_887,2004692.37,26
C01604,Customer_1604,1999965.53,27
C00330,Customer_330,1976537.54,28
C01943,Customer_1943,1969185.3399999999,29
C01216,Customer_1216,1961939.91,30
C00387,Customer_387,1943899.41,31
C02519,Customer_2519,1941330.3599999999,32
C02687,Customer_2687,1922961.96,33
C00720,Customer_720,1922773.61,34
C02829,Customer_2829,1920295.75,35
C02244,Customer_2244,1896019.79,36
C00661,Customer_661,1886289.6800000002,37
C01444,Customer_1444,1876644.0499999998,38
C00429,Customer_429,1873997.41,39
C01279,Customer_1279,1859757.67,40
C02607,Customer_2607,1858360.84,41
C01391,Customer_1391,1836405.49,42
C01314,Customer_1314,1833408.6500000001,43
C00704,Customer_704,1829736.42,44
C02398,Customer_2398,1823231.42,45
C00662,Customer_662,1822492.41,46
C01463,Customer_1463,1820242.94,47
C00190,Customer_190,1812000.15,48
C02049,Customer_2049,1798643.14,49
C00770,Customer_770,1797578.21,50
C01192,Customer_1192,1792737.09,51
C01677,Customer_1677,1792187.88,52
C02886,Customer_2886,1788878.77,53
C02974,Customer_2974,1787219.2,54
C01752,Customer_1752,1786089.4,55
C01542,Customer_1542,1785177.54,56
C00993,Customer_993,1777858.6300000001,57
C01357,Customer_1357,1776279.67,58
C00816,Customer_816,1757573.17,59
C02444,Customer_2444,1756065.31,60
C00825,Customer_825,1756022.04,61
C01450,Customer_1450,1752075.54,62
C02701,Customer_2701,1748730.4300000002,63
C00833,Customer_833,1748020.58,64
C01440,Customer_1440,1744482.8699999999,65
C02559,Customer_2559,1741744.05,66
C02636,Customer_2636,1738098.71,67
C00493,Customer_493,1734782.1099999999,68
C02568,Customer_2568,1733674.09,69
C00948,Customer_948,1731670.13,70
C01811,Customer_1811,1730013.18,71
C00434,Customer_434,1728795.62,72
C02004,Customer_2004,1724277.97,73
C00443,Customer_443,1719501.02,74
C01782,Customer_1782,1715904.9,75
C01163,Customer_1163,1709480.3800000001,76
C00216,Customer_216,1705329.98,77
C02124,Customer_2124,1703723.21,78
C00522,Customer_522,1697953.2799999998,79
C02666,Customer_2666,1697000.1400000001,80
C02668,Customer_2668,1691843.34,81
C01358,Customer_1358,1691441.1400000001,82
C00012,Customer_12,1690816.8599999999,83
C00149,Customer_149,1690559.43,84
C02063,Customer_2063,1689498.1400000001,85
C02884,Customer_2884,1687668.53,86
C01593,Customer_1593,1682674.18,87
C00582,Customer_582,1682002.16,88
C02470,Customer_2470,1675332.8,89
C02041,Customer_2041,1670748.82,90
C00139,Customer_139,1670641.54,91
C01392,Customer_1392,1669301.38,92
C01032,Customer_1032,1668614.23,93
C00481,Customer_481,1664198.93,94
C01092,Customer_1092,1662278.92,95
C00476,Customer_476,1655888.6199999999,96
C00516,Customer_516,1654831.3900000001,97
C02972,Customer_2972,1654429.34,98
C00529,Customer_529,1651589.89,99
C01439,Customer_1439,1650270.07,100
C00710,Customer_710,1641768.8099999998,101
C00405,Customer_405,1640972.95,102
C01125,Customer_1125,1639577.92,103
C02306,Customer_2306,1638689.88,104
C01773,Customer_1773,1634986.21,105
C01914,Customer_1914,1633717.79,106
C02008,Customer_2008,1631542.94,107
C01031,Customer_1031,1629882.61,108
C00072,Customer_72,1626112.6099999999,109
C02929,Customer_2929,1617063.54,110
C01134,Customer_1134,1608603.49,111
C00977,Customer_977,1607659.8199999998,112
C00356,Customer_356,1600541.67,113
C01552,Customer_1552,1599310.8699999999,114
C00892,Customer_892,1596633.48,115
C01411,Customer_1411,1595772.28,116
C01076,Customer_1076,1595682.31,117
C00029,Customer_29,1593831.14,118
C01940,Customer_1940,1589054.0100000002,119
C01462,Customer_1462,1588372.1300000001,120
C00245,Customer_245,1588193.6,121
C00235,Customer_235,1587705.58,122
C00969,Customer_969,1585179.0,123
C00689,Customer_689,1582455.11,124
C01636,Customer_1636,1580715.65,125
C00391,Customer_391,1576005.1,126
C00878,Customer_878,1572319.98,127
C02181,Customer_2181,1571633.21,128
C02787,Customer_2787,1571263.95,129
C00807,Customer_807,1570915.23,130
C01885,Customer_1885,1570038.15,131
C00608,Customer_608,1569584.0,132
C01800,Customer_1800,1566053.12,133
C01258,Customer_1258,1564666.42,134
C02697,Customer_2697,1560884.77,135
C00180,Customer_180,1557673.02,136
C01381,Customer_1381,1556662.12,137
C00929,Customer_929,1552964.38,138
C00336,Customer_336,1552647.74,139
C02588,Customer_2588,1551317.34,140
C00668,Customer_668,1550569.3599999999,141
C00763,Customer_763,1549781.05,142
C02449,Customer_2449,1549423.6400000001,143
C02136,Customer_2136,1547288.88,144
C01637,Customer_1637,1544631.7200000002,145
C00580,Customer_580,1543931.62,146
C01038,Customer_1038,1541259.6600000001,147
C02164,Customer_2164,1541000.48,148
C00542,Customer_542,1539884.96,149
C02401,Customer_2401,1538430.4,150
C01001,Customer_1001,1538279.43,151
C01133,Customer_1133,1536614.0499999998,152
C00442,Customer_442,1534019.52,153
C02038,Customer_2038,1531726.23,154
C02170,Customer_2170,1531589.1099999999,155
C01417,Customer_1417,1531142.7200000002,156
C02210,Customer_2210,1531003.66,157
C00040,Customer_40,1530279.59,158
C00664,Customer_664,1525495.69,159
C02594,Customer_2594,1524636.52,160
C00826,Customer_826,1523685.77,161
C01284,Customer_1284,1520726.6300000001,162
C00798,Customer_798,1519198.42,163
C00858,Customer_858,1518344.33,164
C01983,Customer_1983,1516858.69,165
C00254,Customer_254,1511052.73,166
C01725,Customer_1725,1506940.32,167
C01882,Customer_1882,1506329.14,168
C02540,Customer_2540,1505529.63,169
C02609,Customer_2609,1505159.8,170
C02774,Customer_2774,1504983.93,171
C02376,Customer_2376,1504435.31,172
C00844,Customer_844,1498822.81,173
C01557,Customer_1557,1496797.96,174
C00657,Customer_657,1496736.3199999998,175
C00171,Customer_171,1494387.27,176
C02533,Customer_2533,1492820.1400000001,177
C00769,Customer_769,1492571.93,178
C02838,Customer_2838,1492539.24,179
C00930,Customer_930,1492081.2999999998,180
C00913,Customer_913,1491966.1,181
C02095,Customer_2095,1486703.5499999998,182
C01760,Customer_1760,1485498.18,183
C01099,Customer_1099,1484978.52,184
C00172,Customer_172,1484956.25,185
C00681,Customer_681,1484637.27,186
C02429,Customer_2429,1483443.79,187
C00457,Customer_457,1483410.98,188
C01512,Customer_1512,1478373.1,189
C02069,Customer_2069,1473744.93,190
C00762,Customer_762,1473111.72,191
C02824,Customer_2824,1470681.6099999999,192
C00242,Customer_242,1469190.6600000001,193
C01017,Customer_1017,1468840.06,194
C00123,Customer_123,1466731.81,195
C00553,Customer_553,1466061.19,196
C02941,Customer_2941,1465257.9100000001,197
C00447,Customer_447,1464483.77,198
C00395,Customer_395,1460934.3,199
C00703,Customer_703,1459202.15,200
C00022,Customer_22,1458680.96,201
C02236,Customer_2236,1456623.94,202
C00714,Customer_714,1455773.2,203
C02325,Customer_2325,1454643.5,204
C00541,Customer_541,1454358.0,205
C01995,Customer_1995,1454196.7,206
C02438,Customer_2438,1452998.35,207
C02750,Customer_2750,1452645.63,208
C00820,Customer_820,1451670.1199999999,209
C01037,Customer_1037,1448469.78,210
C00092,Customer_92,1446909.64,211
C00390,Customer_390,1445442.3,212
C01215,Customer_1215,1444464.91,213
C02578,Customer_2578,1444364.4,214
C02318,Customer_2318,1442331.29,215
C00546,Customer_546,1441416.1300000001,216
C00061,Customer_61,1435430.88,217
C02342,Customer_2342,1435269.01,218
C01075,Customer_1075,1434996.36,219
C01261,Customer_1261,1434756.83,220
C01317,Customer_1317,1432961.73,221
C00115,Customer_115,1430951.91,222
C02667,Customer_2667,1429898.1900000002,223
C01180,Customer_1180,1429754.2,224
C01190,Customer_1190,1427031.68,225
C00453,Customer_453,1424634.55,226
C02016,Customer_2016,1424432.74,227
C01978,Customer_1978,1422387.15,228
C02312,Customer_2312,1419650.3499999999,229
C00674,Customer_674,1419461.8199999998,230
C01402,Customer_1402,1419063.27,231
C01083,Customer_1083,1416885.29,232
C00419,Customer_419,1416390.04,233
C01059,Customer_1059,1415676.06,234
C02464,Customer_2464,1408180.0499999998,235
C00967,Customer_967,1407678.03,236
C00990,Customer_990,1406851.1800000002,237
C01960,Customer_1960,1405738.1,238
C01063,Customer_1063,1404685.43,239
C01046,Customer_1046,1404631.8800000001,240
C01097,Customer_1097,1404363.73,241
C02582,Customer_2582,1403678.62,242
C01196,Customer_1196,1402944.3,243
C01483,Customer_1483,1401394.28,244
C02550,Customer_2550,1401377.47,245
C01518,Customer_1518,1400991.27,246
C01574,Customer_1574,1400371.8299999998,247
C00082,Customer_82,1400109.39,248
C01873,Customer_1873,1399714.87,249
C01706,Customer_1706,1398454.2,250
C00253,Customer_253,1397232.35,251
C02297,Customer_2297,1396436.0,252
C02655,Customer_2655,1393159.71,253
C00950,Customer_950,1389647.08,254
C01241,Customer_1241,1389236.48,255
C02266,Customer_2266,1387625.87,256
C00988,Customer_988,1387592.13,257
C01561,Customer_1561,1386672.29,258
C01095,Customer_1095,1386073.89,259
C00568,Customer_568,1385598.02,260
C00520,Customer_520,1385474.02,261
C00257,Customer_257,1384433.48,262
C02893,Customer_2893,1383580.52,263
C00646,Customer_646,1383119.2600000002,264
C01778,Customer_1778,1380329.49,265
C00838,Customer_838,1378031.6099999999,266
C00960,Customer_960,1376381.77,267
C00601,Customer_601,1375524.18,268
C02833,Customer_2833,1372446.33,269
C02173,Customer_2173,1371187.24,270
C02646,Customer_2646,1370942.1,271
C00505,Customer_505,1370736.63,272
C02602,Customer_2602,1369076.07,273
C00573,Customer_573,1367512.15,274
C01699,Customer_1699,1364480.36,275
C00758,Customer_758,1363689.76,276
C01479,Customer_1479,1362786.6099999999,277
C02947,Customer_2947,1361600.29,278
C02308,Customer_2308,1361470.14,279
C00155,Customer_155,1358983.81,280
C02057,Customer_2057,1358640.04,281
C01682,Customer_1682,1356057.52,282
C02060,Customer_2060,1355987.86,283
C01869,Customer_1869,1355896.66,284
C00130,Customer_130,1355215.6,285
C02416,Customer_2416,1354782.86,286
C00810,Customer_810,1353104.23,287
C01707,Customer_1707,1351700.8900000001,288
C02375,Customer_2375,1350734.04,289
C00311,Customer_311,1350042.54,290
C02805,Customer_2805,1345046.8399999999,291
C02757,Customer_2757,1345045.1,292
C01044,Customer_1044,1344617.29,293
C00465,Customer_465,1344033.24,294
C00363,Customer_363,1343700.29,295
C02198,Customer_2198,1343095.17,296
C01791,Customer_1791,1340820.69,297
